{
  "overall": {
    "precision": 0.9254264897691822,
    "recall": 0.924386814560225,
    "f1": 0.9246180762437886,
    "num_samples": 6401.0
  },
  "class": {
    "Kinh doanh": {
      "precision": 0.9292035398230089,
      "recall": 0.9264705882352942,
      "f1": 0.9278350515463918,
      "num_samples": 1360.0
    },
    "Sức khỏe": {
      "precision": 0.9145850120870266,
      "recall": 0.8937007874015748,
      "f1": 0.9040223018717642,
      "num_samples": 1270.0
    },
    "Thế giới": {
      "precision": 0.9380222841225627,
      "recall": 0.9064602960969045,
      "f1": 0.9219712525667351,
      "num_samples": 1486.0
    },
    "Thể thao": {
      "precision": 0.9801071155317521,
      "recall": 0.9831158864159631,
      "f1": 0.9816091954022989,
      "num_samples": 1303.0
    },
    "Thời sự": {
      "precision": 0.8426013195098964,
      "recall": 0.9103869653767821,
      "f1": 0.8751835535976504,
      "num_samples": 982.0
    }
  }
}